username,ip,timestamp
subieluke,127.0.0.1,09-May-2022 (19:27:12.502971)
subieluke,127.0.0.1,09-May-2022 (19:31:43.665831)
subieluke,127.0.0.1,09-May-2022 (20:51:20.181380)
subieluke,127.0.0.1,09-May-2022 (21:02:56.947761)
subieluke,127.0.0.1,09-May-2022 (21:05:28.543889)
subieluke,127.0.0.1,09-May-2022 (21:21:30.224071)
subieluke,127.0.0.1,10-May-2022 (18:45:59.028830)
capstone@gmail.com,127.0.0.1,19-Mar-2023 (21:38:27.036026)
capstone@gmail.com,127.0.0.1,19-Mar-2023 (21:38:44.209031)
capstone@gmail.com,127.0.0.1,19-Mar-2023 (21:39:15.340818)
test123@gmail.com,127.0.0.1,19-Mar-2023 (21:41:31.343854)
star,127.0.0.1,19-Mar-2023 (22:18:49.886075)
